headline,leadparagraph,date
U.S. Reduces Estimates of Homeless in Haiti Quake,"MEXICO CITY — As a new Haitian government seeks to jump-start aid to rebuild the country after the January 2010 earthquake, a draft of a new United States government report suggests that the scope of the disaster was not as severe as previously estimated.",2011-06-01T00:50:38+0000
"For Mexicans Looking North, a New Calculus Favors Home","Economic, demographic and social changes in Mexico are suppressing illegal immigration as much as the poor economy or legal crackdowns in the United States.",2011-07-06T01:15:39+0000
Sudanese Expatriates Across the U.S. Cast Their Votes,"NASHVILLE  At 8 a.m. on an unusually frigid Sunday here, Apai Mabior was standing in a long line shivering.",2011-01-10T00:47:50+0000
Immigration Upended: Damien Cave Answers Readers’ Questions,2:20 p.m. | Updated  Leer el artículo en español aquí: http://www.nytimes.com/2011/07/07/world/americas/immigration-en-espanol.html.,2011-07-06T19:15:46+0000
Taste of China Not as Far East: Egyptian Wing at the Met,"There was a pagoda in the Egyptian wing of the Metropolitan Museum of Art on Thursday night, at least at first glance. The sandstone Temple of Dendur was bathed in red light, as several hundred people — mostly Chinese-Americans — gathered to celebrate connections between China and the United States. At times, the shadows cast on the temple’s lintel conjured the up-ticked eaves of Asian architecture. ",2011-05-14T00:14:36+0000
Excerpts From the Ethnic Press,"DURING the past month, a newspaper aimed at the city’s South Asian population reported on the diversification of the New York police force, a Chinese-language paper explored the heated rivalry among passenger van companies, a Pakistani paper publicized the mysterious death of a woman, and a Korean paper wrote about the reverse migration to South Korea. KIRK SEMPLE",2011-01-29T01:22:06+0000
Cable Shows Nations Going Easy on Cuba,"WASHINGTON  Cuba is getting a free pass on its human rights abuses from many of the world’s leading democracies, with visitors from Canada, Australia and Switzerland failing to criticize the Castro regime or meet with dissidents while on the island, according to a confidential diplomatic cable sent to the State Department from Havana.",2010-12-17T21:27:12+0000
Census Reports Money Transfers,"The Census Bureau reported Monday that United States households transferred $11.7 billion to friends and family members abroad in the year that ended August 2008. Of those who transferred, 84 percent were foreign born, the bureau found. The amount of money was far lower than that reported by other organizations like the World Bank, which estimated that transfers from the United States totaled nearly $50 billion in 2008. An analyst with the bureau said the discrepancy stemmed in part from different ways of accounting. Aaron Terrazas of the Migration Policy Institute said illegal immigrants, a large source of money transfers, tended to be undercounted in census surveys. ",2010-11-09T01:12:31+0000
By the Billions: Creating and Comparing Population Growth Projections,"Overview | How fast are populations growing around the world? How can governments, institutions and individuals use that knowledge to appropriately plan for the future? In this lesson, students create population profiles of countries and use simple mathematical tools to create population projections that can be compared and analyzed. They also delve into related questions about resources and supplies with respect to projected population growth. ",2011-05-23T19:11:26+0000
"To Think, Perchance to … Debating the Dream Act","December 15, 2010, 10:10 a.m. | Updated Overview | What difficulties do undocumented immigrant children face when it comes time for them to go to college? What are the pros and cons of the legislation that has been proposed to address these difficulties? In this lesson, students engage in a roundtable debate on the Dream Act and will then write a letter to their United States senators either supporting or opposing the legislation. ",2010-12-14T20:08:50+0000
Study Finds Rebound in Entertainment and Media Spending,"Entertainment and media spending in the United States rebounded in 2010, according to a widely followed annual report, for its first gain since 2007.",2011-06-14T04:01:46+0000
N.Y.U. to Establish a Degree-Granting Campus in Shanghai,"New York University, which has long been expanding beyond its home base at Greenwich Village’s Washington Square to neighborhoods like the East Village, is turning its eyes much farther eastward — announcing on Sunday that it will establish a degree-granting liberal arts campus in Shanghai. ",2011-03-28T02:04:18+0000
Using Refugees as Weapons,"In the early days of what grew into the Libyan uprising, Muammar el-Qaddafi summoned European Union ministers to Tripoli and issued an ultimatum: Stop supporting the protesters, or I’ll suspend cooperation on migration and Europe will be facing a human flood of from North Africa. ",2011-04-20T12:48:10+0000
American Ferry From Libya Arrives in Malta,"VALLETTA, Malta  After a two-day wait in the Tripoli harbor followed by a rough eight-hour crossing, more than 300 evacuees from Libya landed here on Friday night on a high-speed ferry chartered by the United States government. ",2011-02-25T10:56:34+0000
Florida Attracts 2.8 Million Over Decade,"MIAMI — Overcoming the effects of high unemployment and a crashed housing market, Florida attracted 2.8 million new residents in the last decade, according to census data released Thursday. ",2011-03-18T01:39:56+0000
Study Says Navy Must Adapt to Climate Change,"A report commissioned by the United States Navy concludes that climate change will pose profound challenges for the sea service in coming decades, including a need to secure Arctic shipping lanes, prepare for more frequent humanitarian missions and protect coastal installations from rising seas.",2011-03-10T22:00:56+0000
China Pressed to Account for Uighurs’ Fate,BEIJING  A human rights organization has called on the Chinese government to publicly account for the fate of 20 ethnic Uighurs who were deported to China from Cambodia one year ago as they awaited a determination on their asylum applications with the United Nations. ,2010-12-18T21:52:15+0000
Visa Delays Put Iraqis Who Aided U.S. in Fear,"BAGHDAD — Terrorism fears in the United States are all but halting visas for Iraqis, even those who risked their lives aiding the American war effort, making them especially vulnerable ahead of the planned American military withdrawal.",2011-07-12T16:29:10+0000
"Long Story Shortlist, First Edition","This is the debut of a regular feature: a collection of the week’s best long-form journalism published in The Times, as selected by our editors. We will also include one pick from The Times’s archives. A new shortlist will be posted every Friday afternoon on The 6th Floor blog, as well as on our Longreads page. If you follow #Longreads on Twitter, you’ll be able to find our picks that way, too.",2011-07-08T17:18:17+0000
The Possible Dream?,"The debate over United States immigration policy in recent years has been in equal parts tortuous and ineffectual. And one interested party had for the most part been relegated to the fringes: the hundreds of thousands of illegal immigrants who were born abroad but brought to America when they were children. Claimed by neither their parents’ homelands nor the nation they grew up in, unable to work legally here, they exist in a curious limbo. ",2010-12-11T02:30:45+0000
The Debate on Free Trade Continues,Uwe E. Reinhardt is an economics professor at Princeton.,2011-03-04T11:00:51+0000
Flood of Fleeing Migrants Eases at Tunisian Border Crossing,"RAS AJDIR BORDER CROSSING, Tunisia  The flow of migrant workers fleeing Libya into Tunisia slowed drastically on Thursday and Friday, but aid workers said they worried the decline could mean that Libyan officials were harassing or blocking workers who wanted to leave the country.",2011-03-05T02:02:09+0000
"At Davos, Long List of Problems Awaits World Leaders","FRANKFURT — Leaders in business, politics and academia from around the world will gather in Davos, Switzerland, this week to try to rescue the planet. It’s a safe bet that, for the 41st year in a row, they will fail.",2011-01-24T01:55:39+0000
"Year-End Roundup | Social Studies, History, Geography and Civics","The school year is drawing to a close, and our lesson plans have already gone on summer vacation. So this week we’re looking back at the 2010-11 school year and collecting the year’s teaching materials by subject matter, starting today with social studies, American history and civics, global history, economics and geography. ",2011-05-31T19:23:49+0000
A Tale of One City: Examining Urban Decay and Renewal,"Overview | Why do some cities drastically lose their industries and populations? How can cities that have fallen on hard times be revitalized? In this lesson, students examine the plight and recent revitalization efforts of Braddock, Pa., and explore various urban renewal strategies implemented around the United States. They then apply their learning to their own communities or put them into historical context.",2011-02-15T20:35:33+0000
Homeward Bond,"HERE’S a statistic you may not be aware of: about 50 percent of the world’s uncultivated, arable land is in Africa. This abundance of potential farmland offers Africa the opportunity to feed itself and to help feed the rest of the globe. But consider another statistic: because of poor roads and a lack of storage, African farmers can lose up to 50 percent of their crop just trying to get it to market. ",2011-03-12T03:51:37+0000
Pikas Have Moved to Higher Ground," The pika, a small mammal that lives in talus slopes at high elevations in the mountains of the American West, has disappeared in the last decade at a rate five times faster than they disappeared during the 20th century, according to a study out this month.",2011-06-03T16:38:30+0000
Obama Calls for an Economic Cure for Illegal Immigration,"SAN SALVADOR — President Obama ended his three-nation Latin American tour on Tuesday with a visit to El Salvador, a source of one of the largest immigrant groups in the United States, and agreed with its president that “the best strategy” for curbing illegal immigration was to create economic growth in the region.",2011-03-23T01:22:22+0000
Larger-Than-Life Dallas Is Barely Growing,Big D may need a new nickname.,2011-02-26T04:51:45+0000
A Fast Life and Success That Starts in the Pouch,"We found them in a corner of our garage: a half-dozen baby opossums, peeping like birds, squirming over one another and scratching the wall. They were cute and ghastly in an “Addams Family” sort of way, their long snouts tapered like wine stoppers, their black eyes bulging up from their pale fur like peppercorns from a bed of rice, and their tiny teeth as sharp and plentiful as a piranha’s. ",2011-06-13T23:34:29+0000
"Life, Liberty and the Pursuit of Identity","PHILADELPHIA  Not far from where the National Museum of American Jewish History is opening its new building on Friday for a weekend of celebrations, the Liberty Bell can be seen with its biblical inscription: “Proclaim liberty throughout all the land unto all the inhabitants thereof.” The balconies of this $150 million museum overlook Independence National Historical Park, where the Declaration of Independence and the Constitution were signed. The National Constitution Center is on the other end of the park, and next month, just across the mall, the President’s House  the executive mansion where George Washington and John Adams lived when Philadelphia served as the nation’s capital  will be the site of a museum, with a focus not just on liberty, but also on slavery. ",2010-11-11T23:10:51+0000
Political Books Best-Seller List,“Obama’s Wars” by Bob Woodward made its debut at No. 1 in the latest survey of political best-sellers in October as American voters were preparing to render their verdict on how the nation is being governed. ,2010-11-06T18:50:37+0000
"A Building, and a City, as a Way Station to a Better Life","For two years, a five-story walk-up apartment building in the Bronx has served as a small beachhead for a new immigrant community: refugee families from the South Asian nation of Bhutan. From this new home on University Avenue, where they were placed by a resettlement agency, the families have made their first, tentative steps in an unfamiliar culture and language.",2011-01-01T02:07:46+0000
What Lincoln Meant to the Slaves,"The enormous excitement and anticipation of the 1860 presidential election campaign spread into unexpected corners of the United States. Indeed, during the months surrounding the contest, and especially after Americans learned of Abraham Lincoln’s victory, reports circulated across the Southern states of political attentiveness and restlessness among the slaves. ",2011-02-13T03:39:19+0000
March Political Best Sellers,“Revolt!” by Dick Morris and Eileen McGann makes its debut at No. 4 on the political best-sellers list. The husband and wife team advises that Republicans use their power to force President Obama to accept their terms of debate and to insure that he doesn’t get re-elected in 2012.,2011-04-01T19:29:55+0000
"Population ‘Tipping Point’ in Texas, as Hispanics Get Closer to Parity With Whites","HOUSTON  A phenomenal surge in Hispanics has fueled the population growth in Texas, which gained more people over the last decade than any other state, according to United States Census Bureau figures released on Thursday.",2011-02-18T02:13:37+0000
When Wind Farms Trump House Cats,"In an article in Monday’s Times, I focus on a study by ornithologists in the Washington suburbs that highlights the heavy toll that domestic cats take on birds. Researchers found that cats were responsible for nearly half of the predation on baby gray catbirds.",2011-03-21T16:24:34+0000
When the Best Shows on Broadway Were the Cars,"LADDIE STERN stopped in front of a copy shop. “This is where I was,” he said. “It’s been a long time.”",2011-04-22T18:36:27+0000
Birthright Citizenship Looms as Next Immigration Battle,"NOGALES, Ariz.  Of the 50 or so women bused to this border town on a recent morning to be deported back to Mexico, Inez Vasquez stood out. Eight months pregnant, she had tried to trudge north in her fragile state, even carrying scissors with her in case she gave birth in the desert and had to cut the umbilical cord.",2011-01-04T19:19:04+0000
At Risk? Investigating Dams,"Overview  | What are dams and how do they work? What are some of the issues surrounding the construction and maintenance of dams? In this lesson, students explore the kinds of dams used in waterways around the world. They explore dam design, investigate the history of dams and investigate how dams affect wildlife and communities. ",2011-02-23T20:31:10+0000
"In Midwest, Flutters May Be Far Fewer","As recently as a decade ago, farms in the Midwest were commonly marred — at least as a farmer would view it — by unruly patches of milkweed amid the neat rows of emerging corn or soybeans. ",2011-07-11T19:13:32+0000
"Amid Exodus From Libya, Europe Braces for Refugees","Frantic operations to evacuate foreigners from the widening chaos in Libya continued Thursday, and European officials were already looking toward the next challenge: coping with what could be a huge influx of refugees from across the Mediterranean. ",2011-02-24T09:57:57+0000
Napolitano Accuses Critics of Politicizing Border Issues,"Sharpening a confrontation with Republicans over Southwest border enforcement, Homeland Security Secretary Janet Napolitano said on Monday that crime and illegal crossings had dropped sharply along the border, and she accused lawmakers who say violence is out of control there of trying to “score political points.”",2011-02-01T01:04:29+0000
To Deal Or Not To Deal?,"I’ve been writing a great deal about taxes, spending and entitlement reform, but in this week’s column I took a detour into immigration policy. Now here’s Mark Krikorian drawing the two subjects together:",2011-06-01T19:51:10+0000
Shades of White,"Racial passing is one of America’s deeply hidden traditions, a largely unacknowledged and unstudied aspect of national life. Historically, African-Americans with identifiably dark skin have had only two choices when confronting racial discrimination and oppression: either they could try to ease their burden through accommodation, making the best of a bad situation, or they could engage in protest and active resistance. The situation was often quite different, however, for light-skinned African-Americans of mixed parentage. For them, there was a tempting third option of trying to pass as white.",2011-02-25T17:23:22+0000
Discovering a Grandfather’s Link to Civil Rights,"George Edmund Haynes died in 1960, 10 months before his grandson, Bruce D. Haynes, was born. Growing up in Harlem, Bruce was never told much about him. ",2010-12-15T17:50:03+0000
A Dream Still Deferred,"AT first glance, the numbers released by the Census Bureau last week showing a precipitous drop in Detroit’s population — 25 percent over the last decade — seem to bear a silver lining: most of those leaving the city are blacks headed to the suburbs, once the refuge of mid-century white flight. ",2011-03-26T23:19:41+0000
Modern Agonies in Ancient Mexican Villages,"Journalists from the United States often stop at the Mexican border when they’re covering immigration issues, almost as if the crisis starts and stops on this side.",2011-06-16T09:00:51+0000
‘High on the Hog’,CHAPTER I,2011-01-24T19:08:09+0000
U.N. Reports Steady Rise of Refugees,"PARIS — The United Nations refugee agency said Monday that as of last year, 43.7 million people around the globe had been forcibly displaced from their homes by conflict or persecution, the highest number in 15 years. Eighty percent of refugees were being sheltered in the world’s poorest countries, and the agency warned that they could not continue to shoulder the burden alone. ",2011-06-19T23:44:27+0000
Top Test Scores From Shanghai Stun Educators,"With China’s debut in international standardized testing, students in Shanghai have surprised experts by outscoring their counterparts in dozens of other countries, in reading as well as in math and science, according to the results of a respected exam.",2010-12-07T09:00:33+0000
‘Restrepo’ Director and a Photographer Are Killed in Libya,"BENGHAZI, Libya — Tim Hetherington, a conflict photographer who was a director and producer of the Afghan war documentary “Restrepo,” was killed in the besieged city of Misurata, Libya, on Wednesday, and three photographers working beside him were wounded, one fatally, when they came under fire at the city’s front lines.",2011-04-20T17:43:40+0000
A Girl’s Postcards From Italy,"Picture books that involve and engage young readers in the experiences of people packing up their lives and heading off to a new country, a new culture, a totally new way of living have always interested me. Perhaps because my own Italian grandparents did exactly that in the early 1900s. My father was born in Fall River, Mass., only a month or two after his parents settled into their new home.",2011-07-15T16:51:38+0000
"Decision Looms for Laos Dam, but Impact Is Unclear","HOUAY SOUY, Laos — The Mekong River is so brown with silt as it passes this impoverished village, it could be called liquid dirt. For millions of people downstream this is the color of life: the Mekong, teeming with hundreds of species of fish and rich in minerals, has for centuries been the lifeline of villages and towns stretching from the rocky rapids of Tibet to the lazy meanderings of the river in the Vietnam delta.",2011-04-17T22:46:00+0000
The World Economy Shifts Eastward,William Easterly points us to a provocative new paper by Danny Quah on how the center of the world economy is shifting eastward.,2011-03-24T13:30:13+0000
"Migrants in Israel Face Uncertainty, Despite Oscar","TEL AVIV — The children in the kindergarten class were taking their new celebrity status in stride on Monday, singing a Hebrew song about patience hours after a movie about their school, Bialik-Rogozin in south Tel Aviv, won the Academy Award for best short documentary in Los Angeles.",2011-02-28T21:38:03+0000
Three Funds Hit the Jackpot With a Variety of Bets,"FEAR dominated many headlines in the fourth quarter, as unemployment in the United States, a debt crisis in Europe and inflation in China nagged at investors. But hope for an economic resurgence bubbled up, too, and a variety of market sectors had positive returns. ",2011-01-08T19:07:24+0000
What Democrats Might Learn From the Census,Edward L. Glaeser is an economics professor at Harvard and the author of the forthcoming book “Triumph of the City.”,2011-01-11T11:00:04+0000
A Bonanza in TV Sales Fades Away,"LAS VEGAS  By now, most Americans have taken the leap and tossed out their old boxy televisions in favor of sleek flat-panel displays.",2011-01-05T23:38:43+0000
"Climate Change Drives Instability, U.N. Official Warns",The United Nations’ top climate change official said on Tuesday that food shortages and rising prices caused by climate disruptions were among the chief contributors to the civil unrest coursing through North Africa and the Middle East.,2011-02-15T18:10:13+0000
"Even After 30 Years, the Film of the Moment","When it was first shown in the United States in 1980, Jean-Luc Godard’s “Every Man for Himself” was greeted as a new beginning for a filmmaker who had spent the last decade exploring the foreign land known as video. Mr. Godard himself, who as a young man had worked in the Paris publicity department of 20th Century Fox, helped pave the way for his return to cinema with a big promotional push for what he called his “second first film.” The first (feature) was of course “Breathless.”",2010-11-12T00:32:27+0000
Gearshifts Prove a Moving Target,"FOR the earliest automobiles crawling along horse-cart roads, a single fixed ratio of engine r.p.m. to vehicle speed was entirely adequate. But before long it became clear that building vehicles capable of both brisk acceleration and respectable top speeds would require some method of changing the speed relationships  the drive ratios  to match the conditions of the moment. ",2010-12-03T18:39:25+0000
Australia's Mining Boom Is Pied Piper for Workers,"SYDNEY — Having grown up in a working-class suburb of Sydney, 20-year-old Brian Felice said, he never planned to follow in his father’s footsteps as a construction worker. Perhaps, he thought, he would join one of his three older brothers in the gleaming Sydney office towers from which they navigated the high-flying worlds of finance and banking.",2011-05-31T12:10:24+0000
The South Sudanese Referendum Won’t Depend on the Diaspora,"The South Sudanese diaspora have played an important, and perhaps indispensable, role in bringing about the referendum on independence from Sudan that is taking place this week.",2011-01-10T20:26:58+0000
Investors Are Drawn Anew to Digital Music,"Since it emerged in the 1990s, digital music has been hugely popular with fans, but for online music companies and their investors it has almost never been profitable.",2011-02-28T17:00:46+0000
Cartel Violence Complicates Tick Eradication Plan,An unexpected casualty of the drug-cartel-fueled lawlessness in Mexico: the cattle industry.,2011-04-17T00:39:50+0000
Indomitable Russell Values One Accolade Above the Rest,"Personal honors never meant much to Bill Russell, one of America’s most successful athletes, with 2 college titles, 1 Olympic gold medal and 11  count ’em, 11  N.B.A. championships with the Boston Celtics.",2011-02-12T17:31:53+0000
Roots of Bitterness in a Region Threaten Sudan’s Future,"ABYEI, Sudan — There is a place in Sudan where Africa and the Arab world meet, where one thatched roof hut carries a roughly-hewn cross at the top and next door an identical hut flaunts a crescent moon, where heavily armed nomads sweep in for raids and heavily armed villagers fight back.",2011-01-15T17:18:02+0000
The Haves and the Have-Nots,12:51 p.m. | Updated  Updated with additional explanation of how the chart controls for different costs of living around the world.,2011-01-31T14:35:40+0000
"Eastern Cougar Is Declared Extinct, With an Asterisk","Seven decades after the last reported sighting of the Eastern cougar, the federal Fish and Wildlife Service declared it extinct Wednesday and recommended that it be removed from the nation’s endangered species list.",2011-03-03T04:19:47+0000
Detroit’s Rebound Is Built on Smaller Cars,"DETROIT — After years of being outgunned by Japanese rivals, the American auto industry has made small cars a central part of its strategy, seeking to capitalize on a fundamental shift in the preferences of consumers in an era of fast-rising gas prices. ",2011-05-30T01:14:30+0000
Shell Tries to Calm Fears on Drilling in Alaska,"SAVOONGA, Alaska — Shell Oil will present an ambitious proposal to the federal government this week, seeking permission to drill up to 10 exploratory oil wells beneath Alaska’s frigid Arctic waters.",2011-05-01T23:00:58+0000
These Crowded Streets,"The very first words in “Open City,” an indelible debut novel by Teju Cole, imply an inevitability, connecting the narrator’s past with his present task, that of explaining his place in the world: “And so,” his narrator, Julius, says, “when I began to go on evening walks last fall, I found Morningside Heights an easy place from which to set out into the city.” ",2011-02-25T17:40:44+0000
China Quietly Extends Footprints Into Central Asia,"MURGHAB, Tajikistan — On the outskirts of this wind-scoured town, founded in 1893 as a Russian military post, the construction of a new customs compound heralds the return of another major power.",2011-01-03T01:54:44+0000
Tweety Was Right: Cats Are a Bird’s No. 1 Enemy,"While public attention has focused on wind turbines as a menace to birds, a new study shows that a far greater threat may be posed by a more familiar antagonist: the pet house cat. ",2011-03-21T00:43:11+0000
A Mexican City’s Troubles Reshape Its Families,"CIUDAD JUÁREZ, Mexico — Telma Pedro Córdoba could have left this blood- and bullet-marked city when she lost her husband to a drive-by shooting in 2009, or when an injury kept her mother from factory work, or when gunmen killed a neighbor in front of a friend’s 3-year-old son a few months ago.",2011-02-09T05:29:46+0000
Polar Distress,"In our romantic imagination, the Arctic is a sort of crisp white wonderland, a pristine and remote preserve populated by polar bears. But take a close look at the recent history of the interconnected lands that make up the Arctic and you’ll also find a dumping ground, ravaged and exploited cultures and a poorly regulated zone in which humanity’s worst instincts have been indulged. This distressing reality, and the enduring glimpses of beauty within it, is what Sara Wheeler’s new book, “The Magnetic North: Notes From the Arctic Circle,” is all about.",2011-02-04T17:05:39+0000
Electric Cars Remain Tough Sell in China,"SHENZHEN, CHINA — A pioneering electric-taxi project in this city, China’s southern economic powerhouse, seems to be a success by most accounts. Riders are enthusiastic, there have been no accidents and drivers are termed “gracious” — not a term usually applied to mainland drivers.",2011-07-03T12:39:28+0000
Refugee Boat Sinks Near Australia,"HONG KONG — More than two dozen people thought to be seeking asylum in Australia died Wednesday after their boat smashed into the rocks of Christmas Island, setting off a desperate rescue effort by the Australian authorities.",2010-12-15T08:30:21+0000
Generating the Unlikeliest of Heroes,"DOHA, QATAR — Persuading the Indian immigration authorities to grant entry visas to illiterate African grandmothers who claim to be trainee solar engineers is no easy task. ",2011-04-18T22:22:17+0000
The Business Market Plays Cloud Computing Catch-Up,"The big spenders on technology are businesses and government agencies. They buy about 75 percent of the computing goods and services sold worldwide. Yet it is increasingly evident they are not driving the new ideas, excitement and powerhouse technology companies in ascent these days.",2011-04-15T01:36:56+0000
A New York Jewish Girl Becomes an Islamist,"Deborah Baker is a serious biographer who specializes in fairly crazy writers. Her study of the poet Laura Riding, who survived a suicide attempt in 1929, during her 14-year ménage-à-trois with Robert Graves and his wife, was a Pulitzer finalist. Next came “A Blue Hand,” her portrait of the Beats in India, few of whom were in robust mental health. Yet even these have nothing on Maryam Jameelah, a New York Jewish convert to Islam, who — as a disciple of Pakistan’s most world-renowned fundamentalist — made a career out of condemning the West in dozens of books and pamphlets.",2011-05-20T13:55:08+0000
"Frank Bonilla, Scholar of Puerto Rican Studies, Dies at 85","Frank Bonilla, an academic who grew up in two of New York’s poorest neighborhoods, faced segregation in the Midwest and went on to create one of the nation’s first college-level Puerto Rican studies programs and its first consortium for Latino studies, died on Dec. 28 in Escondido, Calif. He was 85.",2011-01-07T02:12:34+0000
Profit Outweighs Risk in Juárez Factories,"In 2009, more than $42 billion in trade value moved through the ports that Ciudad Juárez shares with El Paso, representing 15 percent of the total trade between the United States and Mexico. That number is estimated to be even higher in 2010.",2010-12-12T01:35:00+0000
"Motorola Introduces the Xoom, Its Answer to the iPad",6:30 p.m. | Updated  Adding more on the Xoom and other new products.,2011-01-06T01:15:06+0000
"In a Fading Industrial Past, a Chance for a Rich Future","TURIN — Even its biggest advocates acknowledge it is not going to draw as many people as a Raphael, a Botticelli or a Caravaggio. ",2011-03-21T12:35:08+0000
The Final Conflict,"This is a big “big book.” To accomplish his ambitious goal of both understanding the evolution of mankind’s past development and prognosticating the future of the continuing East-West horse race, Ian Morris starts around 15 millenniums ago. That’s a lot of history. ",2010-12-10T17:18:56+0000
Detroit Census Confirms a Desertion Like No Other,"Laying bare the country’s most startling example of modern urban collapse, census data on Tuesday showed that Detroit’s population had plunged by 25 percent over the last decade. It was dramatic testimony to the crumbling industrial base of the Midwest, black flight to the suburbs and the tenuous future of what was once a thriving metropolis.",2011-03-23T01:15:36+0000
NATO Strike Kills 12 Libyan Rebels in Misurata,"MISURATA, Libya — At least one NATO warplane attacked a rebel position on the front lines of this besieged city on Wednesday, a rebel commander said, killing 12 fighters and wounding five others in what he called an accident that could have been avoided. ",2011-04-27T20:48:49+0000
Tugging at Threads to Unspool Stories of Torture,"AMMAN, Jordan — The first time the Iraqi Army arrested him, he said, soldiers burst into his shop in Baghdad, dragged him out in handcuffs and a blindfold, and took him to a filthy, overcrowded prison. Beatings, rape, hunger and disease were rampant, and he expected at any moment to be killed. He was held for four months, until December 2008. ",2011-05-02T20:43:23+0000
Groups Make Late Push to Salvage Bill Aiding Illegal Immigrant Students," Immigrant advocate groups have mobilized across the country in what they call a last-ditch effort to persuade Congress to pass a bill that would grant legal status to hundreds of thousands of illegal immigrant students, pressing for action in the remaining weeks when Democrats control both houses of Congress. ",2010-12-01T02:08:12+0000
Lincoln Moves,"With this post, Disunion begins two weeks of daily reporting on the historic railroad journey of President-elect Abraham Lincoln, as he traveled from Springfield, Ill., to assume the presidency in Washington, D.C. ",2011-02-10T21:37:45+0000
Looking for a Job? Try a Nonprofit,"OVER the last few years, as corporations fired workers en masse, some of the newly unemployed began sending their résumés to nonprofits. But often the job picture there was just as bleak  even as the need for services became greater.",2010-11-11T01:52:22+0000
"On a Farm in Maine, a Woodcock and Its Secrets Are Revealed","BOWDOINHAM, Me.  Clink. Clank. The bell falls silent.",2010-11-26T02:32:02+0000
"No Trash, No Crash",Washington,2011-06-28T02:45:53+0000
Issue of Arab Spring Migrants to Cast Shadow on G-8 Talks,"LONDON — When the leaders of the Group of 8 meet next week — among them, Barack Obama, David Cameron, Angela Merkel and Nicolas Sarkozy — one of their official concerns will be supporting attempts to make democracy emerge in some kind of recognizable form from the Arab revolts in countries like Tunisia and Libya.",2011-05-16T11:15:21+0000
Turkish Leader Says Qaddafi Must Step Down Immediately,"ISTANBUL — In his harshest comments to date on the situation in Libya, Prime Minister Recep Tayyip Erdogan of Turkey, a regional power broker, told reporters here on Tuesday that Col. Muammar el-Qaddafi had chosen “blood, tears, oppression” and that he must “immediately step down.”",2011-05-03T12:11:36+0000
"Amid Rift, Imam’s Role in Islam Center Is Sharply Cut","Long-simmering tensions between co-founders of the proposed Islamic center and mosque near ground zero led to a parting of the ways on Friday that sharply reduced the role of one: the imam Feisal Abdul Rauf, long the project’s public face.",2011-01-15T01:55:27+0000
"Face of City Has Changed Dramatically, Census Estimates Show",The electorate that will soon choose the successor to Mayor Richard M. Daley looks a lot different than the voters who first put him in office more than two decades ago.,2011-01-01T22:07:38+0000
Libyan War Traps Poor Immigrants at Tripoli’s Edge,"TRIPOLI, Libya — As wealthier nations send boats and planes to rescue their citizens from the violence in Libya, a new refugee crisis is taking shape on the outskirts of Tripoli, where thousands of migrant workers from sub-Saharan Africa have been trapped with scant food and water, no international aid and little hope of escape.",2011-03-08T02:58:07+0000
The Mind of a Disease,"All patients begin as storytellers, the oncologist Siddhartha Mukherjee observes near the start of this powerful and ambitious first book. Long before they see a doctor, they become narrators of suffering, as Mukherjee puts it — travelers who have visited the “kingdom of the ill.”",2010-11-12T17:32:48+0000
Soul Cuisine,"In one of the personal vignettes that punctuate “High on the Hog: A Culinary Journey From Africa to America,” the food historian and cookbook author Jessica B. Harris takes a trip with her mother to Houmas House, near New Orleans. One of a string of former plantations along Louisiana’s River Road, the estate bears witness to a cruel history. Harris, who is black, speculates aloud that much of the place was built by slaves. The remark draws an unexpected response. “What artistry,” her mother says. “What beauty they created for people who thought we were nothing but goods, not even human beings!” ",2011-01-07T17:39:24+0000
Iraq’s Troubles Drive Out Refugees Who Came Back,"BAGHDAD  A second exodus has begun here, of Iraqis who returned after fleeing the carnage of the height of the war, but now find that violence and the nation’s severe lack of jobs are pulling them away from home once again. ",2010-11-27T03:41:36+0000
Mexican? American? Call Her Writer,"IN reviewing the ebullient play “Kita y Fernanda” in 2008, a Chicago critic called its young author, Tanya Saracho, “the Chicana Chekhov” for her deft blend of comedy and drama. It’s hardly surprising, then, that the vehicle that brings Ms. Saracho to the Goodman Theater in Chicago this week is her loose adaptation of Chekhov’s “Cherry Orchard,” titled “El Nogalar,” which she sets against the bloody backdrop of Mexico’s drug wars.",2011-03-22T22:36:05+0000
Coffee Table Books,"One of the best things about Antonia Fraser’s new memoir, “Must You Go? My Life With Harold Pinter,” is watching this warm and literate couple trade books, and sometimes perform readings, on birthdays and holidays. When it came to celebrations, printed words were never far from their minds.",2010-11-12T22:21:24+0000
The Best School $75 Million Can Buy,How do you sell a school that doesn’t exist?,2011-07-08T22:52:33+0000
Spare Times for April 22-28,Around Town,2011-04-21T22:12:52+0000
Many Immigrants’ Job Search Starts in Chinatown,"A century ago, a glance at Ellis Island’s handwritten ledgers would have offered a sense of the diverse crowds pouring into New York. ",2011-02-22T13:58:02+0000
"Along the Columbia, Concerns for Salmon and Energy Production","STARBUCK, Wash.  The governor of Montana invited himself to Washington State not long ago to explain to people who live along the Columbia River why they should help Montana export its coal across the Pacific Ocean to China.",2011-02-19T23:19:55+0000
Can Europe Be Saved?,"THERE’S SOMETHING peculiarly apt about the fact that the current European crisis began in Greece. For Europe’s woes have all the aspects of a classical Greek tragedy, in which a man of noble character is undone by the fatal flaw of hubris.",2011-01-12T13:00:25+0000
"With a Few Tweaks, Shaking Up History","The “what if?” genre of alternate history has attracted a disparate a crew of practitioners including Newt Gingrich (“1945,” written with William R. Forstchen), Philip Roth (“The Plot Against America”) and Philip K. Dick (“The Man in the High Castle”). It’s yielded best sellers like Robert Harris’s “Fatherland” and literary gems like Michael Chabon’s “Yiddish Policemen’s Union.” And it’s addressed staggering questions like: What if the Nazis won World War II? What if a group of time-traveling white supremacists from South Africa gave Robert E. Lee’s troops AK-47 assault rifles to help the Confederacy win the Civil War? ",2011-02-28T22:55:02+0000
Jazz Listings for May 13-19,Jazz,2011-05-12T22:41:47+0000
A Conversation With Edward L. Glaeser," Edward L. Glaeser is a professor of economics at Harvard and a weekly contributor to this blog. I mention his new book, “Triumph of the City,” in my column this week about Egypt. The current issue of The Atlantic includes a version of his chapter on skyscrapers, and The Economist and The New York Times have reviewed the book. The Times Magazine profiled Mr. Glaeser in 2006. Our conversation follows.",2011-02-16T02:34:07+0000
Plan for China’s Water Crisis Spurs Concern,"DANJIANGKOU, China — North China is dying.",2011-06-01T21:43:30+0000
Jazz Listings for May 20 — 26,Jazz,2011-05-19T20:34:42+0000
Events in Connecticut,"A guide to cultural and recreational goings-on in and around Connecticut. Items for the guide should be sent at least three weeks in advance to ctcal@nytimes.com, or by mail to Connecticut Calendar, Metropolitan, 620 Eighth Avenue, New York, N.Y. 10018-1405.",2011-03-26T00:34:38+0000
Events in Connecticut,"A guide to cultural and recreational goings-on in and around Connecticut. Items for the guide should be sent at least three weeks in advance to ctcal@nytimes.com, or by mail to Connecticut Weekly, Metropolitan, 620 Eighth Avenue, New York, N.Y. 10018-1405.",2011-04-09T00:36:54+0000
Events in Connecticut,Comedy,2011-04-02T00:54:14+0000
Zagat Survey Aims to Regain Its Online Balance,"BACK in the early ’80s, when the Zagat Survey was still just a single sheet of legal-size paper that Nina and Tim Zagat gave to friends and colleagues, they learned that their list of the best restaurants in New York had been reproduced — en masse — inside Citibank.",2010-11-13T16:35:46+0000
‘Clarence Darrow: American Iconoclast’,1: A Midwestern Childhood,2011-07-08T17:31:02+0000
Looking to the Future in Sudan,To the Editor:,2011-01-15T03:45:20+0000
Development of Southern Sudan,"In “Sudan advances toward its future” (Views, Jan. 11), Thabo Mbeki describes challenges that an independent southern Sudan will face: border disputes, resolution of debt and oil revenue sharing.",2011-01-20T12:33:06+0000
"Immigration, Borders and Bureaucracy","I agreed with the flow of Christopher Caldwell’s argument on migration (“Europe’s Arizona problem,” Views, June 13) until I came to his policy recommendation — namely a massive increase in E.U. bureaucracy with more money from European taxpayers to pay for E.U. officials to patrol borders. As the U.S. efforts to stop people from Latin America coming into the United States have shown, the dream that another euro or dollar on frontier patrolling will do the trick is just that, a dream. Britain is not part of Schengen and the sea separates us from our E.U. neighbors. But that does not stop foreigners from coming here, and makes immigration a huge domestic political problem.",2011-06-14T11:33:11+0000
How Healthy Are Our Fisheries?,To the Editor:,2011-04-20T22:53:59+0000
