headline,leadparagraph,date
Federal Judge Blocks Biden Administration’s New Asylum Policy,A federal judge struck down on Tuesday a stringent new asylum policy that the Biden administration has called crucial to its efforts to curb illegal crossings along the U.S.-Mexico border.,2023-07-25T18:06:27+0000
Crossings at the U.S. Southern Border Are Higher Than Ever,"Migrants were caught crossing the southern border of the United States more times in the past year than in any other year since at least 1960, when the government started keeping track of the data.",2023-10-21T20:40:59+0000
Global Warming Is Bringing More Change Than Just Heat,"Climate change is here, heating the world today, with direct and devastating consequences on human lives, the environment and more.",2023-07-19T17:57:31+0000
How and Why Illegal Border Crossings Have Dropped So Dramatically,"In the 76 days since President Biden imposed tough new restrictions on the nation’s asylum system, the number of migrants crossing the United States’ southern border illegally every day has dropped significantly.",2023-07-26T22:02:13+0000
Biden Plan Seeks to Keep Migrants Away From the Border. Will It Work?,"As the Biden administration struggles to tackle a humanitarian and political crisis at America’s doorstep, it is focusing increasingly on keeping migrants far from the U.S.-Mexico border by establishing migration processing centers in Central and South America.",2023-09-21T04:01:25+0000
White House Urges Eligible Immigrants to Apply for Work Permits,"President Biden, under pressure to address a surge of migrants who are overwhelming resources in New York and several other American cities, is ramping up efforts to ensure that some of those people can get jobs — a move designed to ease the spiraling political and financial costs of the crisis.",2023-09-08T23:46:17+0000
Why Can’t We Stop Unauthorized Immigration? Because It Works.,"‘We’re getting no support on this national crisis,’ Mayor Eric Adams said in September at a town-hall-style gathering on Manhattan’s Upper West Side. He was talking about the influx of transnational migrants who have landed in the city’s shelter system: more than 118,000 since the spring of last year, with about 10,000 more arriving each month. There are now about 115,000 people in the city’s care, and more than half of them are migrants. In August, the city projected that it would spend $5 billion caring for migrants during this fiscal year. ",2023-10-01T09:01:05+0000
Will Work Authorization Draw More Venezuelan Migrants to the U.S.?,Is it a case of a wish come true or “be careful what you wish for”?,2023-09-21T16:39:10+0000
How Biden’s Promises to Reverse Trump’s Immigration Policies Crumbled,"Immigration was dead simple when Joseph R. Biden Jr. was campaigning for president: It was an easy way to attack Donald J. Trump as a racist, and it helped to rally Democrats with the promise of a more humane border policy.",2023-10-06T20:04:17+0000
"Asylum in America, by the Numbers","Under President Biden, the Border Patrol has arrested more people for illegally crossing the southern border into the country than in any other period since the government started keeping count in 1960.",2023-11-21T10:00:38+0000
America Is an Empire in Decline. That Doesn’t Mean It Has to Fall.,"America likes to think of itself in garlanded terms. The shining city on a hill. The indispensable nation. The land of the free. There’s something to each sobriquet, to be sure. But there’s another phrase, not always so flattering, that also applies to the United States: global empire.",2023-09-04T09:02:35+0000
‘A Ticket to Disney’? Politicians Charge Millions to Send Migrants to U.S.,"Every step through the jungle, there is money to be made.",2023-09-14T09:03:09+0000
The E.U.’s New ETIAS Entry Requirement Is Coming. Someday.,The days of unrestricted privileges for leisure travel across much of Europe are numbered.,2023-08-03T17:00:00+0000
Appeals Court Allows Biden’s Asylum Restrictions to Continue for Now,"A federal appeals court said on Thursday that the Biden administration could continue enforcing its tough asylum policy on the southern border for at least several more weeks, while government lawyers appeal a judge’s order striking it down.",2023-08-04T01:05:44+0000
A New Answer for Migrants in Central America: Bus Them North,"Miranda Villasmil guided her daughter and son past hundreds of huddled migrants, many still muddied and swollen from their trek here to Costa Rica from South America. The family of three carried just two grocery bags of their belongings from their past lives in Venezuela.",2023-11-08T05:01:48+0000
We Know What Doesn’t Work at the Border. Here’s a Better Solution.,"U.S. asylum laws were designed to protect people fleeing harm. They were enacted in the decades following the Holocaust to ensure that the United States never again turned away people fleeing persecution. But now, many blame these laws for the chaos and inhumanity at the nation’s southern border.",2023-08-10T09:00:28+0000
"For Egypt, Menendez Was Key to Access to Billions in U.S. Aid","After decades as one of the world’s largest recipients of United States foreign aid, the Egyptian government was nervous about how long the largess would continue at that level. But when the United States cut a sliver of the aid in 2017 over Egypt’s grim human rights record, stunning Cairo, Egyptian officials found an ally in Senator Robert J. Menendez of New Jersey.",2023-09-23T14:43:26+0000
Growing Numbers of Chinese Migrants Are Crossing the Southern Border,The surge of migrants entering the United States across the southern border increasingly includes people from a surprising place: China.,2023-11-24T15:57:46+0000
Court Grants Temporary Stay on Texas’ Buoy Barrier in Rio Grande,A U.S. appeals court issued an order on Thursday temporarily ensuring that a barrier of floating buoys in the Rio Grande that was placed by Texas to discourage illegal crossings could stay in place while the court considered a full decision.,2023-09-08T02:10:02+0000
They Fled Climate Chaos. Asylum Law Made Decades Ago Might Not Help,"First came the hurricanes — two storms, two weeks apart in 2020 — that devastated Honduras and left the country’s most vulnerable in dire need. In distant villages inhabited by Indigenous people known as the Miskito, homes were leveled and growing fields were ravaged.",2023-11-28T10:00:55+0000
A Different Border Crisis Mirrors What’s Happening in the U.S.,"Haiti and the Dominican Republic together make up the island of Hispaniola. These countries are linked by histories of colonialism, slavery, dictatorships and U.S. military interventions.",2023-10-22T10:00:15+0000
A Texas-Size Taste of Next Year’s Blockbuster Solar Eclipse,The Texas sun seemed too bossy to let the moon step on its spotlight.,2023-10-19T09:02:56+0000
"Haley, Pledging to ‘Close’ the Border, Is Asked: What About Migrants Who Are Already Here?","On the national debate stage, in interviews and at town halls, the message on immigration from every top Republican in the 2024 presidential race has resounded clearly: It is time to shut down the nation’s southern border.",2023-11-04T09:01:43+0000
Can Kenya Bring Order to Haiti? Doubts Are Swirling.,"Every day, Vélina Élysée Charlier drives past barricaded neighborhoods and frequently sees dead bodies lying on the street, she said, a result of score-settling between gangs and vigilantes in Haiti’s capital.",2023-09-05T09:02:08+0000
"One Day on the Border: 8,900 Migrants Arrested, and More on the Way","They come from Brazil, Burkina Faso, Uzbekistan, India and dozens of other countries, a moving global village of hundreds of thousands of people crossing the Rio Grande and slipping through gaps in the border wall at a pace of nearly 9,000 people a day, one of the highest rates of unlawful crossings in months.",2023-09-22T21:19:13+0000
U.S. Knew Saudis Were Killing African Migrants,"Last fall, American diplomats received grim news that border guards in Saudi Arabia, a close U.S. partner in the Middle East, were using lethal force against African migrants who were trying to enter the kingdom from Yemen.",2023-08-26T18:57:01+0000
"U.S. Aid to Ukraine, and When It Might Run Out, Explained","Billions of dollars in U.S. military and economic aid have enabled Ukraine to fend off Russia’s invasion, but the future of that support is now in serious doubt.",2023-10-06T16:38:07+0000
Quotation of the Day: Chinese Join Migrant Crush on U.S. Border,"“If you make it to the U.S., then you’re more likely than not to be able to stay. So it’s absolutely worth the chance of taking that risk.”",2023-11-25T05:00:00+0000
"For Republicans, All Roads Lead to the U.S.-Mexico Border",Crime in American cities. The national opioid crisis. Election integrity. And now a terror attack considered the deadliest day for Jews in Israel’s 75-year history.,2023-10-19T09:02:55+0000
Gov. Abbott’s Policing of Texas Border Pushes Limits of State Power,"Along Texas’ 1,200-mile-long border with Mexico, state troopers routinely arrest migrants for trespassing. Texas National Guard troops unspool razor wire along the banks of the Rio Grande. State game wardens patrol the river in fast-moving boats.",2023-07-26T09:01:08+0000
The Race to Save Our Secrets From the Computers of the Future,"They call it Q-Day: the day when a quantum computer, one more powerful than any yet built, could shatter the world of privacy and security as we know it.",2023-10-22T09:00:40+0000
The Restaurant List 2023,The 50 places in the United States that we’re most excited about right now.,2023-09-19T01:14:48+0000
A Spanish-Language Newsletter for the Fluent and the Curious,"Most words in the headline of a New York Times article are capitalized. But capitalization is sparsely employed in the Spanish language, which uses the lowercase for many proper nouns and titles. So when Elda Cantú and her team translate Times articles from English to Spanish, they might lowercase a few letters.",2023-10-17T07:00:22+0000
Judge Orders Texas to Move Barrier From Middle of the Rio Grande,"A federal judge ordered Gov. Greg Abbott on Wednesday to move a barrier of floating buoys in the Rio Grande that was placed by the state of Texas to discourage illegal crossings from Mexico, concluding that it was an impediment to navigation on the river and a “threat to human life.”",2023-09-06T21:32:52+0000
6 New Paperbacks to Read This Week,"Including memoirs by Charles McGrath and Doreen Cunningham, fiction by Jamil Jan Kochai, Alexis Schaitkin and more.",2023-07-14T18:30:01+0000
The Man Looking to Upend an Unpredictable Dutch Election,"After 13 years with Mark Rutte as their prime minister, the Dutch will cast their ballots on Wednesday in a national election that is expected to scatter votes across the spectrum. But there is one man who has emerged as the campaign’s chief protagonist.",2023-11-22T03:00:12+0000
She Heeded Biden’s Warning to Migrants. Will She Regret It?,"They live in a rusty shack with no running water, hiding from the violence just outside their door, haunted by a question that won’t go away: Should they have listened to President Biden?",2023-10-24T09:01:35+0000
Niger’s Junta Vows to Prosecute Deposed President for Treason,"The military junta that seized power in Niger last month said over the weekend that it would prosecute the deposed president for treason, even as an intermediary said coup leaders were open to talks with West African counties that had threatened to intervene militarily, the first sign of a thaw after nearly three weeks of rising tensions.",2023-08-14T11:59:51+0000
Is Texas’ Busing Responsible for the Migrant Crisis Across Cities?,"When a bus packed with migrants pulled into downtown Los Angeles in mid-June, it caused a local stir: In a city with one of the country’s largest immigrant populations, this was the first busload to arrive courtesy of the Texas governor, Greg Abbott.",2023-09-07T09:03:49+0000
"In Europe, Few Even Want to Talk About Trump Part 2","For most European governments, it is almost too upsetting to think about, let alone debate in public. But the prospect that Donald J. Trump could win the Republican nomination for the presidency and return to the White House is a prime topic of private discussion.",2023-08-19T09:01:03+0000
Why Illegal Border Crossings Are at Sustained Highs,"Shifting U.S. policies, global migration patterns and changing migrant demographics all contribute to record levels of border crossings.",2023-10-29T09:01:43+0000
Illegal Border Crossings Increase in July After Sharp Drop,"The number of illegal crossings at the southern border increased in July after a sharp drop the previous month, calling into question just how effective the Biden administration’s new policies are in curbing illegal migration.",2023-08-18T21:58:26+0000
Biden Faces Competing Pressures as He Tries to Ease the Migrant Crisis,"The demand that President Biden ease the migrant crisis threatening to overwhelm American cities came privately, from the New York governor to top White House officials. It came publicly, in angry statements from Democratic and Republican officials around the country. It came from scores of immigrant rights groups.",2023-09-21T20:38:27+0000
Border Wall Falls Leave Migrants With Devastating — and Costly — Injuries,"Ambulances rush them daily to hospitals in El Paso, San Diego and Tucson, Ariz., writhing in pain — bones poking out of arms and legs; skulls cracked; spines shattered. The men and women arrive on stretchers flanked by an agent in the telltale green uniform of the U.S. Border Patrol.",2023-11-14T10:02:04+0000
First Venezuelans Sent Back Under New U.S. Policy Arrive in Caracas,"The United States, marking an end to a four-year suspension of returning Venezuelan migrants home, sent its first deportation flight to Caracas on Wednesday, with 127 people on board.",2023-10-19T01:46:27+0000
"Anticorruption Crusader Wins in Guatemala, in Rebuke to Establishment","An anticorruption crusader won a runoff election for Guatemala’s presidency on Sunday, handing a stunning rebuke to the conservative political establishment in Central America’s most populous nation.",2023-08-21T02:32:39+0000
Two Ways of Looking at the West’s Population Dilemma,"In my Wednesday column, I wrote about the various unveilings and intimations of new alignments that have accompanied the Israel-Gaza crisis — with one reveal being the extent to which immigration is transforming European politics, forging a mass movement of Arab-Muslim protest that in turn may be driving European voters and even European elites toward the anti-immigration right.",2023-11-03T16:50:11+0000
Guatemala’s Election Could Be a Watershed Moment. Here’s What to Know.,Guatemala is holding a runoff presidential election on Sunday in which an anticorruption crusader is vying against a former first lady aligned with the country’s conservative political establishment to lead Central America’s most populous nation.,2023-08-20T09:00:43+0000
Still Dreaming of Retirement in the Sun Belt?,"In 2015, when Diana and Charles Cox were considering where to retire, they drove their R.V. across the Southwest to visit several possibilities: Santa Fe, Sedona, Phoenix, Las Vegas.",2023-08-05T12:25:20+0000
Being Underestimated Was Her Secret Weapon,"Anyone complaining about a canceled Delta flight would do well to channel Marguerite Harrison. The United States’ first international female spy, Harrison crisscrossed the globe by rickshaw, propeller plane, camel, inflated goatskin raft and rail freight car and once brightly described a trans-Siberian voyage, in which she was wedged between sacks of tea and oats on the back of a troika in a blizzard, as “a rare and delightful experience.”",2023-08-01T09:00:23+0000
"9 Days, 527 Birds, 55 Species","On a map of the United States, you can barely see the skinny strip of land that is Fort Morgan, Ala. But the narrow peninsula — about 20 miles long and, in some places, less than a half-mile wide — is immensely important for migratory birds: It is the last land stop before they fly south across the Gulf of Mexico.",2023-11-14T08:00:55+0000
Sunak’s Dilemma: When to Hold an Election He’ll Probably Lose,"No question in British politics will be more regularly asked, and reliably brushed aside, over the next few months than when Prime Minister Rishi Sunak plans to call the country’s next general election.",2023-11-21T05:01:31+0000
How Has Biden Done on His 2020 Campaign Promises?,"As President Biden campaigns for re-election, Democrats have heralded a series of accomplishments under his tenure. At times, Mr. Biden has called attention to promises by his predecessor, Donald J. Trump, that fell short.",2023-11-08T17:07:24+0000
British Columbia Under State of Emergency as Wildfires Rage in Canada,"The western Canadian province of British Columbia was under a state of emergency order early Saturday, hours after most residents of Yellowknife, a city farther north, had fled ahead of a deadline to evacuate because of a dangerous wildfire.",2023-08-18T19:04:41+0000
18 Migrants Killed in Bus Crash in Mexico,"A bus carrying dozens of mostly Venezuelan migrants crashed in southern Mexico on Friday, killing 18 people and injuring  29 others, officials said.",2023-10-06T17:55:01+0000
What’s Going On in This Graph? | Global Population Growth and Decline,"Economists and demographers who study population size project that the world’s population will reach a peak of about 10 billion people around 2085, if not earlier. Thereafter, the population is not expected to plateau, but instead decline to less than two billion about 300 years later, over perhaps 10 generations. Factors that influence population size of a country include fertility, mortality, migration and age structure. One of the results of population decline may include reduced economic growth.",2023-11-09T16:00:02+0000
U.S. Declares the Military Takeover in Niger a Coup,The Biden administration formally acknowledged on Tuesday what most countries declared months ago: that the military takeover in Niger in July was a coup.,2023-10-10T18:21:47+0000
"Rich Nations Cut Aid for Climate Shocks, Even as Risks Grew","Wealthy countries have decreased the amount of money they commit for helping developing countries cope with the effects of climate change, even as the need for that spending has grown, the United Nations said in a report issued on Thursday.",2023-11-02T10:00:09+0000
The Right-Winger Calling for Social Democracy,"For the New York City launch of his new book last Thursday, Sohrab Ahmari, best known as a pugilistic voice of the Trumpist new right, held a dialogue with Bhaskar Sunkara, founder of the socialist journal Jacobin and president of the left-wing magazine The Nation. The talk took place at a packed, sweltering event space on the Lower East Side, before an audience heavy on Twitter (now X) personalities and writers for small magazines. Introducing the discussion, Sunkara said that when Ahmari invited him to participate, he was skeptical. But then he read Ahmari’s book, “Tyranny, Inc.: How Private Power Crushed American Liberty — and What to Do About It,” and found, as he explained, “surprisingly very little to criticize.”",2023-08-21T23:00:08+0000
How Our Roads Hurt Us and Everything Around Us,"When my seventh grader walks to school from our home in the Bronx, he must cross the Henry Hudson Parkway (N.Y. 9A) over an ugly pedestrian bridge. To access the green space of Van Cortlandt Park a few blocks to the northeast, he must navigate an intimidating six lanes of traffic. I trust my kid to look both ways, but I don’t trust the drivers to notice him. I worry over the city’s roadways, the health consequences of their foul breath, their nonstop noise and the devastation they lay — by cruel intent — upon majority Black and brown neighborhoods like ours.",2023-09-10T09:00:21+0000
"Nearly 1,000 Birds Die After Striking Chicago Building","Millions of birds fly over Chicago during the fall migration season, and a number of them die after being confused by bright lights or after trying to fly through a window, but the carpet of bird carcasses outside a convention center on Thursday morning shocked people who have been monitoring birds in the city for decades.",2023-10-08T19:20:23+0000
"As Haley and Ramaswamy Rise, Some Indian Americans Have Mixed Feelings","Suresh Reddy, a centrist Democrat and city councilman, is watching the Republican presidential primary with a mix of pride and disappointment.",2023-09-25T09:01:59+0000
Climate Change Is Forcing Families Into a New Kind of Indefinite Hell,"The August wildfire that roared through the town of Lahaina in Hawaii burned so hot that some of the dead were effectively cremated, their bones combusting to unidentifiable ash. Other bodies may have been lost in the Pacific Ocean, into which many of those fleeing the inferno were forced to plunge. As of Sept. 22, 97 people have been confirmed dead, and the Maui Police Department still lists 22 people as missing.",2023-10-02T09:00:14+0000
France to Withdraw Troops From Niger After Military Coup,"France will withdraw nearly 1,500 troops from the West African nation of Niger by the end of the year, President Emmanuel Macron said on Sunday, a decision that could upend the West’s security footprint in the region, including the future of 1,100 American forces based in Niger.",2023-09-24T20:24:01+0000
Venezuela Pledges Small Steps Toward Fair Elections Next Year,"The government of President Nicolás Maduro of Venezuela and the country’s opposition resumed talks on Tuesday designed to move toward free and fair elections, though the agreement that was announced fell short of what human rights activists and the U.S. government are ultimately seeking.",2023-10-17T23:06:49+0000
Kenyan-Led Security Mission in Haiti: What to Know,"In one attack, gang members opened fire on people called to a protest by a church leader. In another, they set seven people on fire. And after months of escalating violence in Haiti, hundreds if not thousands have been killed — spurring a desperate vigilante movement against the gangs and a mass flight from Haiti’s cities.",2023-10-02T14:49:15+0000
Biden Is Expanding the Border Wall,"Confronted with a surge of migrants, the Biden administration has decided to waive more than 20 federal laws and regulations, including environmental ones, to build barriers along the U.S.-Mexico border. The move is a remarkable reversal for a president who campaigned vociferously against a wall and halted its construction on his first day in office.",2023-10-05T22:00:29+0000
Why Los Angeles Has Avoided the Migrant Crisis Hitting New York,"By the time the first bus of migrants from Texas arrived in Los Angeles in June, Democratic leaders who run the city were surprised it had taken so long for Republican governors to send people their way.",2023-09-19T09:00:42+0000
Risk of a Wider Middle East War Threatens a ‘Fragile’ World Economy,"Fears that Israel’s expanding military operations in Gaza could escalate into a regional conflict are clouding the global economy’s outlook, threatening to dampen growth and reignite a rise in energy and food prices.",2023-11-01T23:00:20+0000
"New York, Overwhelmed, Toughens Stance on Housing Migrant Families","New York City’s homeless system is sheltering record numbers of people week after week, as an influx of migrants accelerates to its highest rate since the crisis began.",2023-10-18T13:00:20+0000
How America Made James Bond ‘Woke’,"After so many decades fighting evil masterminds bent on Britannia’s destruction, the 21st-century version of James Bond has found a very 21st-century antagonist. In the newest Bond novel, “On His Majesty’s Secret Service,” 007 is charged with protecting King Charles III from a dastardly plot hatched by a supervillain whose nom de guerre is Athelstan of Wessex — in other words, a Little Englander, a Brexiteer, a right-wing populist, apparently the true and natural heir to Goldfinger and Blofeld.",2023-09-06T09:02:08+0000
East Libya Strongman Keeps Tight Control Over Aid After Floods,"Days after a torrential downpour collapsed two aging dams and unleashed a rushing wall of water that swept parts of the Libyan city of Derna and thousands of its people into the sea, the military strongman who rules the area came for a quick visit.",2023-09-19T17:42:28+0000
"Once Wary, Biden Welcomes Italy’s Meloni to the White House","President Biden warmly welcomed Prime Minister Giorgia Meloni of Italy to the White House on Thursday, embracing her as a friend and casting aside initial doubts that her far-right party might prove to be troublesome for the United States.",2023-07-27T09:00:29+0000
This Agency Was Created With a Terrorism Focus. Now It Also Has to Care for Migrants.,"On a 90-degree day in early May, hundreds of migrants were gathered on American soil near a border gate in El Paso. Many had waited for days, without food, shelter or enough water and bathrooms, before Border Patrol agents allowed them through the gate and took them to holding facilities.",2023-07-13T15:07:30+0000
The World Is Becoming More African,"Africa has the fastest growing, youngest population of any continent. By 2050, one in four people on the planet will be African. Early tremors of this seismic change are already registering around the world.",2023-10-28T09:02:27+0000
The Risks of One of the Most Severe Tools in America’s Foreign Policy Arsenal,"There is nearly universal consensus that certain egregious violations of international laws and norms demand a forceful and concerted response. Think only, for example, of Russia’s invasion of Ukraine or the development of nuclear weapons capabilities in Iran and North Korea. Harsh economic sanctions have long been viewed as the answer.",2023-07-22T11:00:12+0000
"Sweeping Raids, Giant Camps and Mass Deportations: Inside Trump’s 2025 Immigration Plans",Former President Donald J. Trump is planning an extreme expansion of his first-term crackdown on immigration if he returns to power in 2025 — including preparing to round up undocumented people already in the United States on a vast scale and detain them in sprawling camps while they wait to be expelled.,2023-11-11T10:01:47+0000
Biden and Meloni May Find Common Ground at White House,"Not long ago, Giorgia Meloni rose in Italian politics campaigning against migrants and the European Union while seeking alliances with supporters of Donald J. Trump. Now prime minister of Italy, she would seem to have little in common with President Biden, who once compared the hard-right philosophy she shared with Mr. Trump to “semi-fascism.”",2023-07-27T04:01:17+0000
Flight of the Drones Lights Up Central Park,"It began with a sudden, breathtaking emergence over the trees to the south — a thousand points of blue light that expanded and dispersed into the sky. They organized into a kind of butterfly formation and set off in a northerly direction — and then the flotilla vanished, as if at the flip of a switch. Several beats later, it reappeared, to loud oohs and aahs from the crowd, as a stunning grid of white, pink and ruby luminosity.",2023-10-23T15:50:30+0000
Australia Must Finally Listen to Its Indigenous People,"If you found yourself in the ocher-colored sands of an Australian desert, listening to the creation stories of Indigenous elders, you would discover that these tales are as marvelous and powerful — in their telling, humanity and spirit — as the greatest dramas by Euripides and Shakespeare.",2023-10-09T09:01:03+0000
Federal Judge Again Rules DACA Is Illegal,"A federal judge in Texas on Wednesday rejected the Biden administration’s latest effort to save a program that has shielded hundreds of thousands of undocumented young adults from deportation, saying that it remained unlawful even after recent changes.",2023-09-13T22:35:20+0000
Pope Francis Has Put His Stamp on the Cardinals. Or Has He?,"When Pope Francis anoints 21 new princes of the Roman Catholic Church on Saturday, he will seem to have consolidated his grip on the powerful College of Cardinals — and on the direction of the church, possibly for decades to come.",2023-09-28T09:01:07+0000
"Weekly Student News Quiz: Iran, Manhunt, Auto Strike",Have you been paying attention to the news recently? See how many of these 10 questions you can get right.,2023-09-19T12:21:03+0000
What’s on TV This Week: ‘Special Forces’ and ‘Selena + Chef’,"Between network, cable and streaming, the modern television landscape is a vast one. Here are some of the shows, specials and movies coming to TV this week, Nov. 27-Dec. 3. Details and times are subject to change.",2023-11-27T06:00:11+0000
Texas’ Harsh New Border Tactics Are Injuring Migrants,"For more than two years, Gov. Greg Abbott of Texas has pursued an increasingly aggressive approach to the border, sending thousands of National Guard troops and police officers to patrol the Rio Grande and testing the legal limits of state action on immigration.",2023-07-19T22:47:19+0000
Uncertainty ‘Is Killing Us’: Sikhs in India Are in Limbo Amid Canada Dispute,"Kulwant Singh, 45, shut his eyes tight and offered a prayer at the Sikh temple. Clutching a box of sweets and a shiny blue-and-white toy airplane, Mr. Singh and his teenage daughter, Navpreet Kaur, bowed outside the place of worship, Talhan Sahib in the North Indian state of Punjab.",2023-09-24T10:18:34+0000
Australian TV Deal Has World Cup Viewers Asking: Where Are the Games?,"The Women’s World Cup is by most estimates the biggest sporting event to be staged in Australia since the Sydney Olympics. FIFA, the tournament’s organizer, has trumpeted record ticket sales, and it has hailed the event both as a celebration of the popularity of women’s soccer and as a way to carry it to new fans and new markets.",2023-07-28T13:44:13+0000
All In on Iowa and a Speech on Race: Tim Scott Looks to Revive Struggling Campaign,"Senator Tim Scott, struggling to gain traction less than three months before the first Republican primary ballots are cast, came to the South Side of Chicago on Monday to rebuke the welfare state and the liberal politicians he dismissed as “drug dealers of despair.”",2023-10-23T23:38:33+0000
"At Museums and Galleries, a Spirit of Togetherness","The spirit of creative collaboration is on display in gallery and museum shows this fall and winter. Across the United States, exhibitions focusing on artists’ relationships with each other — such as Henri Matisse and André Derain, and Toshiko Takaezu and Lenore Tawney — and to their subjects — like that of Il Guercino or John Singer Sargent — offer new avenues for audiences to explore their work and contemporary impact. Here is a selection.",2023-10-18T09:01:24+0000
Migrant Crisis Tests New Yorkers Who Thought They Supported Immigration,"Carin Bail said she was walking with a friend in Queens this spring when they stopped to talk with a woman who was holding a baby and crying. The woman had just arrived at a nearby migrant shelter, she explained in Spanish, and her baby would not eat the food there.",2023-10-07T07:00:29+0000
"Enslaved African Americans in Maryland Linked to 42,000 Living Relatives","A construction team working on a highway expansion in Maryland in 1979 discovered human remains on the grounds of an 18th-century ironworks. Eventually, archaeologists uncovered 35 graves in a cemetery where enslaved people had been buried.",2023-08-03T18:00:14+0000
"Texas Has Bused 50,000 Migrants. Now It Wants to Arrest Them Instead.","A year and a half after Gov. Greg Abbott began busing newly arrived migrants from Texas to large Democratic cities whose leaders had pledged to provide sanctuary, the state has now sent more than 50,000 migrants to destinations across the United States, helping to provoke a shelter crisis in several cities that has reshaped the debate over immigration.",2023-10-18T17:31:39+0000
"Roti, a Shape-Shifting Global Staple, Takes a New Form: Convenience Food","The chef Peter Prime has been eating roti all his life. But asked to define what exactly roti is, he laughed and launched into a long-winded answer.",2023-10-10T15:08:43+0000
What the Collapse of Spain’s Far Right Means Going Forward,"Europe’s liberal and moderate establishment breathed easier on Monday after Spain’s nationalist Vox party faltered in Sunday’s elections, stalling for now a surge from far-right parties around the continent that seemed on the brink of washing over even the progressive bastion of Spain.",2023-07-24T16:43:20+0000
Alexandria Ocasio-Cortez on How She’s Changed,"Representative Alexandria Ocasio-Cortez is used to being a lightning rod. Since her election in 2018, she has been celebrated and vilified by both parties, sometimes simultaneously. Ms. Ocasio-Cortez, though, is no longer the freshman outsider. Now in her third term, with a high-ranking position on a powerful House committee, she has learned to maneuver in Congress, making allies on the left and working with her political adversaries. She says that might make the progressive wing of her party “suspicious,” but she’s comfortable having more influence on the inside.",2023-08-30T09:02:37+0000
"Driven Out of Pakistan, Afghans Face an Uncertain Future",The grandfather always feared this day would come.,2023-10-30T09:02:23+0000
New Florida Immigration Rules Start to Strain Some Businesses,"After signing into law a raft of new measures aimed at undocumented immigrants in Florida, Gov. Ron DeSantis said the legislation gave the state “the most ambitious anti-illegal immigration laws in the country.”",2023-08-04T16:10:29+0000
A Pancaked Turtle Fossil’s 150-Million-Year-Old Tale,"Today it is Bavaria, a region of Germany. But in the Late Jurassic Period, it was a shallow tropical archipelago ringed with sponge reefs. The hyper-saline, oxygen-poor conditions of these waters prevented scavengers from disturbing the bodies of animals that died in the lagoons.",2023-07-26T18:00:15+0000
The Deluge Facing Africa’s Leaders Is Going to Get Worse,"An uninterrupted swath of African countries from the Atlantic Ocean to the Red Sea is now under military rule. Mali, Guinea, Chad, Sudan, Burkina Faso and, most recently, Niger. Some of the putschists deposed elected leaders, like Niger’s president, Mohamed Bazoum. Others forestalled elections or even overthrew the leaders they had installed.",2023-08-14T09:00:25+0000
An Artist Pushes Back Against Cultural Colonialism,"The multimedia British-Nigerian artist Yinka Shonibare made his name with work that tackled colonialism, the subjugation of peoples that enabled the global slave trade and carved a callous cartography across Africa and other continents.",2023-10-19T09:01:24+0000
"As Smartphone Industry Sputters, the iPhone Expands Its Dominance","There’s a general rule about consumer electronics: The older a device becomes, the more competitors appear and prices fall. This was true for televisions, personal computers and portable music players.",2023-09-11T09:02:24+0000
What’s Happening in Germany Reveals the Strange State of the Left,"On Monday morning, Sahra Wagenknecht, the most charismatic politician in Germany’s Left party, led an uprising against it. A longtime member of the national Parliament and until 2019 a co-leader of the Left’s parliamentary delegation, Ms. Wagenknecht apparently now has a different idea of what “left” means. She announced that she and nine fellow Parliament members will start a new party in January to court voters who share her discontent.",2023-10-27T09:03:59+0000
"From Smugglers and TikTok, Migrants Get a Message: Go to New York","Mohamed was well along a zigzag journey from his native Mauritania in West Africa, not knowing precisely where he would wind up, and not caring — just as long as it was somewhere in the United States.",2023-10-29T07:00:28+0000
"Biden Administration Approves Biggest Offshore Wind Farm Yet, in Virginia","The Interior Department on Tuesday approved a plan to install up to 176 giant wind turbines off the coast of Virginia, clearing the way for what would be the nation’s largest offshore wind farm yet.",2023-10-31T14:00:11+0000
I Watched a Democracy Die. I Don’t Want to Do It Again.,"For 50 years, I have been mourning the death of President Salvador Allende of Chile, who was overthrown in a coup the morning of Sept. 11, 1973. For 50 years, I have mourned his death and the many deaths that followed: the execution and disappearance of my friends and so many more unknown women and men whom I marched with through the streets of Santiago in defense of Mr. Allende and his unprecedented attempt to build a socialist society without bloodshed.",2023-09-10T10:00:45+0000
New York Employers Are Eager to Hire Migrants. They Can’t.,"Outside Albany, N.Y., where hundreds of recent migrants have been bused upstate from New York City, David Buicko sees an obvious solution to the labor shortage he and other employers are experiencing.",2023-09-09T07:00:17+0000
E.U. Official From Sweden Imprisoned in Iran for Over 500 Days,"A Swedish citizen working for the European Union diplomatic corps has been imprisoned in Iran for more than 500 days, making him an important bargaining chip for Tehran as it tries to wring concessions from the West.",2023-09-04T05:00:18+0000
A Flood of New Workers Has Made the Fed’s Job Less Painful. Can It Persist?,"Hotels in New York’s Adirondack Mountains are having an easier time hiring this summer, partly as immigrants enter the country in greater numbers and provide a steady supply of seasonal help that was hard to come by in and just after the pandemic.",2023-07-24T14:23:03+0000
In Search of Kamala Harris,All the conditions seemed right for a chance to reset the narrative.,2023-10-10T09:03:06+0000
"As Politicians Cry ‘Crisis,’ Some Migrants Are Finding Their Way","At around 7 a.m. one day last August, the first migrants sent to New York City by the governor of Texas arrived with little warning on a bus, and walked sleepily into their new lives.",2023-07-13T09:01:04+0000
Venezuelan Migrants Scored a Big Victory. How Will It Affect New York?,"The Biden administration’s decision to grant special status to Venezuelan migrants will have no greater impact than in New York City, where thousands of immigrants will soon be eligible to begin legally applying for work and eventually move out of taxpayer-funded shelters.",2023-09-21T19:58:47+0000
U.S. Restricts Investment in China,President Biden escalated his confrontation with China today by banning American investments in key Chinese tech industries that could enhance Beijing’s military and surveillance capabilities.,2023-08-09T21:46:58+0000
"As Junta Tightens Grip, Niger Is Being Strangled by Sanctions","Since a military coup in Niger this summer, work days for Ahmed Alhousseïni have been consumed with calls from increasingly worried clients and colleagues asking the same questions.",2023-09-15T09:02:22+0000
"The Chaos at OpenAI, Explained","If they had been the plot of a science fiction movie, or an episode of “Succession,” the events at OpenAI last weekend would have seemed a little over-the-top.",2023-11-21T11:39:50+0000
The Taste of Home in a Grain of Rice,"Throughout September, Ia’s phone rings off the hook. “What is it?” she answers. But she already knows. The rest of the year, her customers are satisfied with rice from the store. In autumn, though, people call day and night for the chance to buy the rice that she grows.",2023-10-04T09:00:50+0000
Dire Warnings About Libya Dams Went Unheeded,"It had been clear for years that the dams protecting Derna, on Libya’s Mediterranean coast, were in danger of giving way.",2023-09-16T09:02:21+0000
Five International Movies to Stream Now,"In 2006, Vicenta, a poor and illiterate domestic worker in Buenos Aires, discovered that her 19-year-old daughter, Laura, who had a developmental disability, was pregnant; she had been raped by her uncle. Darío Doria’s gutting movie relates the Kafkaesque torment that followed as the family tried to get Laura an abortion. A network of doctors, lawyers, social workers and judges became embroiled in a case that surfaced the misogyny and ableism in Argentina’s legal and medical system. As Vicenta and Laura navigated this bureaucratic labyrinth — which went all the way from the local police office to Argentina’s Supreme Court to, eventually, the United Nations Commission on Human Rights — the clock ticked on, making it harder for Laura to terminate her pregnancy safely.",2023-09-22T15:30:29+0000
Migrants Search for Beds as New York Quietly Stops Offering Them to All,"On Thursday, Vinicius Funes, a 26-year-old migrant from Honduras, went in search of a bed.",2023-10-28T07:00:38+0000
Sudanese City Becomes Center of ‘New Phase’ of War,"As the war in Sudan heads into its fourth month, Omdurman — the city across the Nile River from the capital, Khartoum — has become the site of some of the most fierce fighting between the two forces battling for power: the army and its rival, the paramilitary Rapid Support Forces.",2023-07-11T09:00:38+0000
The Republican Meltdown Shows No Sign of Cooling Off,"Gail Collins: Bret, when we started our conversations, you generously agreed to stick to domestic issues. I’ve always steered away from commenting on foreign affairs because I have so very many colleagues who know so very much more about them than I do.",2023-10-09T09:02:17+0000
A Surprise Attack on Israel,"Nearly 50 years to the day after the Yom Kippur War in 1973, Israel was again taken by surprise by a sudden attack.",2023-10-08T12:07:13+0000
"Amid Migrant Influx, Massachusetts Will No Longer Guarantee Shelter","The emergency shelter system in Massachusetts has been stretched to its breaking point, Gov. Maura Healey said on Monday, and the state will no longer guarantee shelter placements for new arrivals beginning next month, despite a law that says eligible families must be offered temporary housing.",2023-10-16T23:41:45+0000
8 Ways to Bring Birds and Birding Into Your Classroom,"The New York Times is running a citizen science birding project with the Cornell Lab of Ornithology. The goals are to gather observations about the birds in your area, fill in data gaps and give researchers a clearer picture of biodiversity. Why not have your students participate?",2023-09-05T18:23:27+0000
Free the American West From Barbed Wire,"“Wherever a farm may be located, or whatever may be its production, fence, fence, fence is the first, the intermediate and the last consideration,” the farmer and journalist Sereno Edwards Todd wrote in 1860. Fences keep livestock in and predators out, and both were imperative for the settlers drawn to the Great Plains by the government’s promises of free land. But on the Plains in the mid-19th century, newcomers found that timber was scarce, stone walls were impractical and living fences, usually thorny hedges of Osage orange, took years to grow.",2023-09-26T09:01:13+0000
They Hid on a Ship’s Rudder to Flee Nigeria. They Landed in Brazil.,"The four stowaways aboard a cargo ship had no idea where they were when they were met by federal police officers last month at a Brazilian port. Told they had landed in Brazil, they were stunned.",2023-08-10T04:01:15+0000
What’s Going On in This Graph? | Global Demographics,"Population age distributions have been shifting for both the most developed and the least developed countries in the world. Developed countries, generally speaking, are getting older much more quickly than less developed countries. These changes are caused by increasing and decreasing birth, mortality and migration rates, and they will affect countries’ economic growth, political stability and ability to support older people.",2023-09-14T15:00:21+0000
"‘High on the Hog’ Returns With Stories of Food, Resistance and Legacy","When Georgianne Thomas, 80, an author and adjunct professor of humanities at Clark Atlanta University, pushes aside the yellow bracelet adorning her wrist to reveal a burn mark, the table of people she’s dining with are stunned. The mark, decades old but still visible, was left by a Ku Klux Klan member putting out a cigarette on her arm during a protest in Atlanta when she was a 17-year-old freshman at Spelman College in 1960.",2023-11-21T10:02:45+0000
Transcript: Lydia Polgreen Interviews Masha Gessen,"Every Tuesday and Friday, Ezra Klein invites you into a conversation about something that matters, like today’s episode, guest-hosted by Lydia Polgreen, with Masha Gessen. Listen wherever you get your podcasts.",2023-10-10T22:32:03+0000
‘A Beautiful Place That Has a Dragon’: Where Hurricane Risk Meets Booming Growth,The combined threat of climate change and development in risky areas is making it a big challenge to keep coastal Carolina residents safe.,2023-11-20T00:48:35+0000
Can We Save the Redwoods by Helping Them Move?,"When Philip Stielstra retired from Boeing in 2012, he needed something purposeful to do. He and his wife, Gay, were casual golfers, but Stielstra, an antiwar activist in college who refused to fight in Vietnam — he worked in a post office instead — wanted a pastime with bigger stakes. Before leaving his job, he received an email from the city of Seattle: The Parks and Recreation Department needed “tree ambassadors.” Tree canopy cover had receded in the city, and the department was responding by promoting an appreciation for its remaining trees. The volunteer ambassadors would learn about these trees and lead residents on walking tours to marvel at them. Stielstra, despite being a self-described introvert, signed up. ",2023-10-25T09:02:38+0000
A Desperate Push to Save Florida’s Coral: Get It Out of the Sea,"When Bailey Thomasson first spotted the coral, she felt a jolt of relief. She was diving for samples off the Florida Keys, and the thicket of elkhorn coral below looked brown, not the stark white that would indicate bleaching from the record-breaking sea temperatures in the area. But as she swam closer, she realized the situation was far worse than she’d considered possible.",2023-07-31T16:34:06+0000
I’ve Seen It: Maduro Could Lose Venezuela’s Presidential Election,"Nicolás Maduro has been in power for 10 years in Venezuela. In that decade, he has overseen a period of economic collapse, corruption, a sharp increase in poverty, environmental devastation and state repression of dissidents and the press. This has led to an exodus of more than seven million Venezuelans.",2023-10-30T09:01:11+0000
How the Bay Area Became a Mecca of Burmese Cuisine,"The line to be seated at Mandalay, a decades-old Burmese restaurant in San Francisco, spilled onto the sidewalk on a recent Saturday evening. Inside the festive dining room, customers huddled around rainbow-colored tea leaf salads, spicy noodle soups and flaky parathas served with coconut dip.",2023-07-31T13:01:01+0000
16 Books to Read in September,"What are the dangers — and opportunities — of artificial intelligence? This new novel confronts these questions through the story of a renowned but financially struggling poet in her 70s, who accepts a tech company’s offer to co-write a poem with an A.I. program in exchange for a lucrative paycheck.",2023-08-30T09:01:10+0000
The Markets Are Counting on the Fed to Solve a Tricky Puzzle,It’s entirely possible that the Federal Reserve has mastered a vexing economic puzzle — taming runaway inflation without causing undue financial hardship for millions of people.,2023-07-21T13:00:20+0000
Vivek Ramaswamy Loves His Heritage. Just Don’t Call Him an Indian American.,Vivek Ramaswamy does not shy away from his Indian heritage.,2023-11-08T15:02:10+0000
"We Need Shopping Malls, or Something Like Them","It was already hot at 5:45 in the morning, the humidity so thick it left me breathless. Even for the South, this was extreme: frog-strangling humidity, smother-you-in-your-sleep heat. It blanketed the region, day after day after day. At one point the forecast called for a heat index here in Nashville that was higher than the heat index in Las Vegas. If you spend much time outdoors in heat like that, it might kill you.",2023-09-11T09:02:26+0000
"Ecuador, Reeling from Violence, Seeks Change. Is a Banana Heir the Answer?","For generations, the Noboa family has helped shape Ecuador, overseeing a vast economic empire, including fertilizers, plastics, cardboard, the country’s largest container storage facility and, most famously, a gargantuan banana business featuring one of the world’s most recognizable fruit brands, Bonita.",2023-10-12T04:01:38+0000
"Climate, Technology, Ukraine and Youth Dominated at the Forum",The summer of 2023 was a devastating one for Greece.,2023-10-03T15:43:37+0000
Why Deep-Sea Mining Is the Next Battleground in the Energy Transition,Surging demand for metals used in electric vehicle batteries has kicked off an international race to mine the deep seas. And there are no rules.,2023-07-15T12:00:06+0000
Meet the African Artists Driving a Cultural Renaissance,"As digital connections bring the African diaspora together, these 12 creatives are at the center of a global shift.",2023-11-16T10:01:29+0000
A Hidden Reason Cities Fall Apart,"Once-vibrant cities like St. Louis, Baltimore and Cleveland have suffered from poverty, crime, depopulation, social dysfunction and homelessness for decades — setbacks compounded by the decline of manufacturing, the nationalization of local banks and waves of corporate acquisitions.",2023-09-13T09:03:51+0000
What Would Inspire Climate Action? Perhaps an Orange Sky.,"What if people could see what is driving climate change? Months before fires raged across the globe, that question was posed by the Blanton Museum of Art at the University of Texas, leading to its group show, “If the Sky Were Orange: Art in the Time of Climate Change.”",2023-10-18T09:01:13+0000
A Mexican Craft Brewery Where You Can Spend the Night,"Seen from the outside, Red Jane, a new bakery in the center of Chania, a Greek port city on the island of Crete, looks like a Berlin nightclub, with no obvious sign and a concrete facade covered in graffiti. Inside, it might pass for a New York boutique: There are Italian tiles on the floor and an exposed-brick ceiling and on a long red marble counter, lit by minimalist pendant lamps, pastries are laid out like jewels in a glass vitrine. Owned by Nikos Tsepetis, the hotelier behind the nearby beach resort Ammos (a favorite of the art and design crowd), the space is the first fully realized interiors project overseen by the London-based lighting and furniture designer Michael Anastassiades. Eyal Schwartz, the former head baker and co-owner of London’s E5 Bakehouse, created the menu. On its opening day this month, Red Jane sold out of its chocolate-filled croissants, koulouri (Greek sesame-topped bagels) and baklava swirls by noon. Locals lingered for an hour after, despite the fact that Tsepetis and Anastassiades designed the space without tables. redjaneproject.com.",2023-07-27T13:00:17+0000
100 Notable Books of 2023,"Here are the year’s notable fiction, poetry and nonfiction, chosen by the staff of The New York Times Book Review.",2023-11-21T14:34:03+0000
A Surprising Shift in Economics,"A then-obscure think tank named the Roosevelt Institute released a report in 2015 that called for a new approach to economic policy. It was unabashedly progressive, befitting the history of the institute, which was created by trusts honoring Franklin and Eleanor Roosevelt.",2023-11-16T11:49:22+0000
Smithsonian’s Latino Museum Faces Political Winds Before a Brick Is Laid,"The Smithsonian’s National Museum of the American Latino, slated to rise on the National Mall in Washington, is meant to give a prominent presence to the story of America’s largest minority group. But the institution has already been caught up in the broader partisan battles over American history, before a single brick has been laid.",2023-09-23T14:00:11+0000
34 Works of Fiction to Read This Fall,"When an aging poet realizes that her critical acclaim hasn’t translated to financial stability, she agrees to train a poetry A.I. program named Charlotte at a tech company’s campus in California. Over the course of a week, she grapples with questions of art, family and connection.",2023-09-04T09:01:29+0000
New U.A.W. Chief Has a Nonnegotiable Demand: Eat the Rich,"For as long as anyone can remember, the Indiana city of Kokomo has been a conservative stronghold. Ronald Reagan crushed Walter Mondale in Kokomo. Bill Clinton lost twice. So did Barack Obama. The current mayor, a Republican, is running unopposed for re-election. It’s a town known for something it would prefer to forget: a Ku Klux Klan rally in 1923 that was the largest ever.",2023-10-05T07:00:57+0000
Here Are the Most Anticipated Films of the Holiday Season,"The leaves are falling, and at least one of the strikes looming over the film season has been resolved. From Wiseman to Wonka, Beyoncé to Ferrari, here is a select list of the films you need to know about this winter. Release dates and platforms are subject to change.",2023-11-04T09:01:35+0000
Can a Rapper Change Italy’s Mind About Migrants?,"In mid-March, weeks after a ship wrecked on Italy’s Calabrian coast, the waters of the Mediterranean Sea were still releasing ashore what remained: planks of wood, engine parts, children’s shoes, bodies. The season of drowning migrants had come early this year.",2023-08-02T09:01:06+0000
Transcript: Ezra Klein Interviews Zack Beauchamp,"Every Tuesday and Friday, Ezra Klein invites you into a conversation about something that matters, like today’s episode with Zack Beauchamp. Listen wherever you get your podcasts.",2023-10-31T18:44:40+0000
Transcript: Ezra Klein Interviews Jerusalem Demsas,"Every Tuesday and Friday, Ezra Klein invites you into a conversation about something that matters, like today’s episode with Jerusalem Demsas. Listen wherever you get your podcasts.",2023-07-18T19:44:38+0000
Our Immigration System: ‘A Waste of Talent’,To the Editor:,2023-07-31T15:41:53+0000
